board,title
c_chat,柯南連動回片尾的讀者投稿
Military,戰地不可或缺的重要補給品
hatepolitics,藍前高市議長倒戈挺賴瑞隆 柯志恩：禮貌
Lifeismoney,line麥當勞咖啡半價
Lifeismoney,亞太77元吃到飽
stock,2889.tw 國票金10月自結 (單月eps0.04)
Lifeismoney,全年生日蛋糕買一送一
c_chat,惡靈古堡5驚傳即將重製 美評級網現端倪
Lifeismoney,新一點絕5g 259元免運
stock,2026/05/19 盤中閒聊
baseball,npb dena vs 火腿　 石田裕太郎-加藤貴之
Boy-Girl,關於版上的酸民
Lifeismoney,蝦皮mg789
hatepolitics,本次二二八事件文章的觀察
hatepolitics,國民黨繼續罰坐吧
Lifeismoney,愛買桂格即沖即食大燕麥片*2特價190元
baseball,mlb／聽到當選mvp！大谷翔平摟緊愛犬獻吻　網笑：以為是要
Lifeismoney,y購 妙管家強效洗衣粉1kg 29元
stock,3228 金麗科 2月 mom-48.87%yoy-17.46%
hatepolitics,民眾黨黨中央的水準是不是就徐尚賢這種？
Lifeismoney,寶雅app兌換
stock,晶片景氣差 傳這大廠裁掉所有中國人員！
Military,中國漁船再度於金門外海翻覆
baseball,ysf-王彥程挖寶田中將大橫掃球成關鍵武器
Lifeismoney,露天雙12特殺優惠品整理
hatepolitics,為什麼貪污犯柯文哲到現在還不進去關?
Lifeismoney,全家 05/01~05/05 限時優惠
baseball,今日今井達也
Lifeismoney,momo 30 mo幣
stock,基泰忠孝大樓125億元賣出
Military,德國、丹麥、挪威、斯洛伐克合資軍援火炮
baseball,直言日本遭遇「棒球史上最大冷門」大聯盟
hatepolitics,踏馬給你加油 踏馬沒憂愁
Military,波音：恭賀沙納漢晉升為國防部長
stock,營收特報：立敦(6175)7月營收創歷史新高
Military,紐時：川普採「敲詐保護費」外交！美烏礦
stock,需求強勁生產擔憂將對黃豆玉米構成支撐
c_chat,植田正志結束三部四格漫畫作品連載
stock,112年07月18日信用交易統計
Tech_Job,光寶七月調薪
Lifeismoney,星巴克新春返鄉日 咖啡分享日
stock,久等了 台積電股價早盤翻紅
Tech_Job,佛里曼示警 台10年內不跟上 人才恐跑光
c_chat,湖中女神:你掉的是金斧頭跟銀斧頭
Lifeismoney,台糖量販 喜瑞爾綜合果麥買一送一
stock,持股健檢
Lifeismoney,elastine香水洗潤髮組6入$788
stock,2886 兆豐金 111年股利 1.24+0.08
Lifeismoney,全聯-生活良好麥茶包 買1送1
Tech_Job,偉詮電 應用工程師
pc_shopping,20k左右cad工作機
stock,巴拿馬總統：已正式通知中國 退出一帶一
hatepolitics,yugden chris12907 分身1-6
c_chat,小惠
pc_shopping,38k遊戲機
pc_shopping,25k 輕度遊戲機替換升級
c_chat,萬代出鋼彈出這麼慢的嗎
c_chat,fox一家
baseball,再見了！太空人中斷連8年進軍季後賽　傷
Tech_Job,大陸價格戰、ai資源戰 台ic設計產業遭兩
baseball,中島輝士談到當年指名陽岱鋼事件
Lifeismoney,蝦皮24h鬍鬚張黃金粹魯
stock,英國最大港佛利斯多罷工8天
c_chat,今日壽星-浅黄 ムツキ
stock,快訊／中美關稅破冰談判只維持一小時？
pc_shopping,p站hp ex950 500g m2 ssd -900是否值得入手?
c_chat,level5 vision 2026 匠
pc_shopping,20k 文書影音手遊機 含os
baseball,經典賽》餅總續任台灣隊投手教練 春訓期
Lifeismoney,"全國加油站app, 新下載可領折價券"
Military,川普政府向澤倫斯基提出改善過的礦產協議
stock,聯發科董座蔡明介：今年 ai 還是很熱 機
hatepolitics,拼命掃街拜票可以逆轉勝嗎
Tech_Job,搶攻科技人才! 美光育兒津貼 一人/5000
c_chat,悠星真的打算出全角色立牌？
Tech_Job,「這家石化大廠」揮大刀裁員…釀百人斷
pc_shopping,2000元左右ssd選擇-遊戲碟
hatepolitics,日本眾議院大選 沖繩反美軍基地陣營全軍
Boy-Girl,aftercome 水桶公告
Lifeismoney,樂天屈臣氏深夜折扣200-100
stock,槓桿etf的損耗誰吃走了？
stock,股票還是要放久一點比較好?
c_chat,用鍋子擋子彈的同時 動畫化 2027年放送
c_chat,nekopara世界連結 官方：skin價錢將下修
c_chat,夏姆洛克臭克斯實力會比香克斯還要強嗎
pc_shopping,nvidia嗆聲amd：最近發布的多項圖形技術
pc_shopping,4060系列5月發表 60/60 ti 16g 7月上市
Lifeismoney,11/14-16 pchome 指定品84折
Lifeismoney,udn lamy鋼筆、鋼珠筆7折
baseball,mlb 白襪 vs 小熊    s.smith／c.horton
pc_shopping,asus  n580vd可使用的ssd
Lifeismoney,渴愛純茶室 7月優惠
Lifeismoney,momo38婦女節 簽到最高拿45點+整點搶mo幣
c_chat,重女日富美
pc_shopping,夠用就好?華碩tuf&華擎pro rs x870主機板
baseball,曾公談經典賽資格賽　評中華隊陣容更好、
hatepolitics,泣 新聞 是不是很會？
c_chat,飛翔的芙莉蓮
Boy-Girl,大家會暗示另一半要注意體重嗎
pc_shopping,tuf b450-pro gaming帶得動5900x嗎？
