c_chat,柯南,連動,回,片尾,讀者,投稿
Military,戰地,不可或缺,重要,補給品
hatepolitics,藍前,高市,議長,倒戈,挺,賴瑞隆,柯志恩,禮貌
Lifeismoney,line,麥當勞,咖啡,半價
Lifeismoney,亞太,77,元,吃到飽
stock,2889.,tw,國票金,10,月,結,單月,eps0,.04
Lifeismoney,全年,生日,蛋糕,買一送一
c_chat,惡靈古堡,驚傳,即將,重製,美,評級,網,現,端倪
Lifeismoney,新,一點,絕,5,g,259,元,免運
stock,2026,05,19,盤中,閒聊
baseball,npb,dena,vs,火腿,石田裕太郎,加藤貴之
Boy-Girl,版,上,酸民
Lifeismoney,蝦皮,mg789
hatepolitics,本次,二二八,事件,文章,觀察
hatepolitics,國民黨,繼續,罰,坐
Lifeismoney,愛買,桂格,即,沖,即,食,大,燕麥片,特價,190,元
baseball,mlb,聽到,當選,mvp,大谷翔平,摟,緊,愛犬,獻吻,網,笑,以為,是,要
Lifeismoney,y,購,妙,管家,強效,洗衣粉,1,kg,29,元
stock,3228,金麗科,2,月,mom,48.87,yoy,17.46
hatepolitics,民眾黨,黨中央,水準,是,不,是,就,徐尚賢,這種
Lifeismoney,寶雅,app,兌換
stock,晶片,景氣,差,傳,這,大廠,裁掉,所有,中國,人員
Military,中國,漁船,再度,金門,外海,翻覆
baseball,ysf,王彥程,挖,寶,田中,將,大,橫掃,球,成,關鍵,武器
Lifeismoney,露天,雙,12,特,殺,優惠,品,整理
hatepolitics,為什麼,貪污,犯,柯文哲,現在,還,不,進去關
Lifeismoney,全家,05,01,05,05,限時,優惠
baseball,今日,今井達也
Lifeismoney,momo,30,mo,幣
stock,基泰,忠孝,大樓,125,億元,賣出
Military,德國,丹麥,挪威,斯洛伐克,合資,軍援,火炮
baseball,直言,日本,遭遇,棒球史,上,最大,冷門,大聯盟
hatepolitics,踏馬,你,加油,踏馬,沒,憂愁
Military,波音,恭賀,沙納漢,晉升為,國防部長
stock,營收,特報,立敦,6175,7,月,營收,創,歷史,新高
Military,紐時,川普,採,敲詐,保護費,外交,美烏,礦
stock,需求,強勁,生產,擔憂,將,黃豆,玉米,構成,支撐
c_chat,植田,正志,結束,三部,四格,漫畫,作品,連載
stock,112,年,07,月,18,日,信用,交易,統計
Tech_Job,光寶,七月,調薪
Lifeismoney,星巴克,新春,返鄉,日,咖啡,分享,日
stock,久,台積電,股價,早盤,翻紅
Tech_Job,佛里曼,示警,台,10,年,內,不,跟上,人才,恐,跑光
c_chat,湖中,女神,你,掉,是,金,斧頭,銀,斧頭
Lifeismoney,台糖,量販,喜,瑞爾,綜合,果麥,買一送一
stock,持股,健檢
Lifeismoney,elastine,香水,洗,潤髮,組,6,入,788
stock,2886,兆豐金,111,年,股利,1.24,0.08
Lifeismoney,全聯,生活,良好,麥茶,包,買,1,送,1
Tech_Job,偉詮電,應用,工程師
pc_shopping,20,k,cad,工作,機
stock,巴拿馬,總統,已,正式,通知,中國,退出,一帶,一
hatepolitics,yugden,chris12907,分身
c_chat,小惠
pc_shopping,38,k,遊戲機
pc_shopping,25,k,輕度遊戲機,替換,升級
c_chat,萬代,出,鋼彈,出,這麼,慢
c_chat,fox,一家
baseball,再見,太空人,中斷,連,8,年,進軍,季後賽,傷
Tech_Job,大陸,價格戰,ai,資源,戰,台,ic,設計,產業,遭,兩
baseball,中島,輝士,談到,當年,指名,陽岱鋼,事件
Lifeismoney,蝦皮,24,h,鬍鬚,張,黃金,粹,魯
stock,英國,最,大港,佛,利斯,多,罷工,8,天
c_chat,今日,壽星,浅,黄
stock,快訊,中美,關稅,破冰,談判,只,維持,一小時
pc_shopping,p,站,hp,ex950,500,g,m2,ssd,900,是否,值得,入手
c_chat,level5,vision,2026,匠
pc_shopping,20,k,文書,影音,手遊機,含,os
baseball,經典賽,餅總,續任,台灣隊,投手,教練,春訓,期
Lifeismoney,全國,加油站,app,新,下載,可領,折價券
Military,川普政府,澤倫斯基,提出,改善,礦產,協議
stock,聯發科,董座,蔡明介,今年,ai,還是,很,熱,機
hatepolitics,拼命,掃街,拜票,可以,逆轉勝
Tech_Job,搶攻,科技,人才,美光,育兒,津貼,一,人,5000
c_chat,悠星,真的,打算,出,全,角色,立牌
Tech_Job,這家,石化,大,廠,揮,大刀,裁員,釀,百人,斷
pc_shopping,2000,元,ssd,選擇,遊戲,碟
hatepolitics,日本,眾議院,大選,沖繩,反,美軍,基地,陣營,全軍
Boy-Girl,aftercome,水桶,公告
Lifeismoney,樂天,屈臣氏,深夜,折扣,200,100
stock,槓桿,etf,損耗,誰,吃,走
stock,股票,還是,要,放久,一點,比較,好
c_chat,鍋子,擋,子彈,同時,動畫,化,2027,年,放送
c_chat,nekopara,世界,連結,官方,skin,價錢,將,下修
c_chat,夏姆,洛克,臭,克斯,實力,會,香克斯,還要,強
pc_shopping,nvidia,嗆聲,amd,最近,發布,多項,圖形,技術
pc_shopping,4060,系列,5,月,發表,60,60,ti,16,g,7,月,上市
Lifeismoney,11,14,16,pchome,指定,品,84,折
Lifeismoney,udn,lamy,鋼筆,鋼珠,筆,7,折
baseball,mlb,白襪,vs,小熊,s,.,smith,c,.,horton
pc_shopping,asus,n580vd,可,使用,ssd
Lifeismoney,渴,愛純,茶室,7,月,優惠
Lifeismoney,momo38,婦女節,簽到,最,高,拿,45,點,整點,搶,mo,幣
c_chat,重女,日富美
pc_shopping,夠,就,好,華碩,tuf,華擎,pro,rs,x870,主機板
baseball,曾,公談,經典賽,資格賽,評,中華隊,陣容,更,好
hatepolitics,泣,新聞,是,不,是,很,會
c_chat,飛翔,芙莉蓮
Boy-Girl,大家,會,暗示,另,一半,要,注意,體重
pc_shopping,tuf,b450,pro,gaming,帶得,動,5900,x
