DSAA31-A900JQR50,22990,-1.077
DSAA31-1900K0SXN,35990,0.3295
DSAA31-A900JQRLA,18990,-1.5098
DSAA31-A900JTIUG,22990,-1.077
DSAA31-A900K19GS,22990,-1.077
DSAA31-1900JVJRC,23990,-0.9688
DSAA31-A900K23IM,23990,-0.9688
DSAA31-A900JQRNZ,30990,-0.2115
DSAA31-A900JQR5L,24990,-0.8606
DSAA31-1900JZ4LO,33990,0.1131
DSAA31-A900K1VWZ,29888,-0.3307
DSAA31-1900JZ44W,29990,-0.3197
DSAA31-A900K1RRX,25990,-0.7524
DSAA31-A900JQR53,21990,-1.1852
DSAA31-A900K1VYC,29888,-0.3307
DSAA31-1900K1BBW,24888,-0.8717
DSAA31-A900IFZBC,25888,-0.7635
DSAAOC-1900JZ40C,24990,-0.8606
DSAA31-A900K282V,32888,-0.0061
DSAA31-A900K1RRB,25990,-0.7524
DSAA31-A900IFZEN,47990,1.6279
DSAA31-A900JQRNY,47990,1.6279
DSAA31-A900J29WS,43990,1.1951
DSAA31-A900J1950,43990,1.1951
DSAA31-A900IDS7J,43990,1.1951
DSAA31-A900JTLW5,43990,1.1951
DSAA31-1900JZ4TK,47990,1.6279
DSAA31-A900IV5FM,42990,1.0869
DSAA31-1900JVJNR,43990,1.1951
DSAA31-A900JQR4K,40990,0.8705
DSAA31-A900IVERT,43990,1.1951
DSAA31-1900JZZ83,42990,1.0869
DSAA31-1900K0X0E,38888,0.6431
DSAA31-A900JVF0M,40990,0.8705
DSAA31-A900JVF8Y,40990,0.8705
DSAA31-1900JZQ5I,40990,0.8705
DSAA31-1900K0XYQ,38888,0.6431
DSAA31-A900K1WE4,41990,0.9787
DSAA31-A900JQRLX,28990,-0.4279
DSAA31-A900K23KB,23990,-0.9688
DSAA31-A900K283O,32888,-0.0061
DSAA31-A900K2SUT,15990,-1.8344
DSAA31-A900K38PA,31900,-0.113
DSAA31-A900K3C69,28900,-0.4376
DSAA31-A900K2SV2,15990,-1.8344
DSAA31-1900K0T77,24888,-0.8717
